INSERT INTO `customers` (`id`, `name`, `city`) VALUES
(1, 'Nagyos Vilmos', 'Debrecen'),
(2, 'Baglyod Alex', 'Bodajk'),
(3, 'Mókus Dominik', 'Hajós'),
(4, 'Constantin Nándor', 'Gyömrő'),
(5, 'Kádár Benjámin', 'Hatvan'),
(6, 'Dajka Donát', 'Vaja'),
(7, 'Bakó Máté', 'Mágocs'),
(8, 'Vásár András', 'Balkány'),
(9, 'Hülye Áron', 'Mezőcsát'),
(10, 'Vendég Csaba', 'Sándorfalva'),
(11, 'Babócsi Brendon', 'Gödöllő'),
(12, 'Csanádi Norbert', 'Eger'),
(13, 'Árud Noé', 'Ócsa'),
(14, 'Váczi Levente', 'Bélapátfalva'),
(15, 'Korlát Patrik', 'Hódmezővásárhely'),
(16, 'Orosz Boldizsár', 'Ercsi'),
(17, 'Csaló Csongor', 'Kisköre'),
(18, 'Nagyos Krisztofer', 'Dunavarsány'),
(19, 'Medve Olivér', 'Kistarcsa'),
(20, 'Bárány Kristóf', 'Balkány'),
(21, 'Hite Nikolasz', 'Sarkad'),
(22, 'Bizott Simon', 'Tiszafüred'),
(23, 'Bolgár Benett', 'Csepreg'),
(24, 'Gyöngy Dominik', 'Kőszeg'),
(25, 'Édlelmes Vince', 'Lajosmizse'),
(26, 'Szőke Áron', 'Tét'),
(27, 'Kopó Olivér', 'Gyula'),
(28, 'Bal Mátyás', 'Abádszalók'),
(29, 'Tonka Simon', 'Tápiószele'),
(30, 'Fakó Balázs', 'Rácalmás'),
(31, 'Bölcs Denisz', 'Újkígyós'),
(32, 'Váczi Kende', 'Mezőhegyes'),
(33, 'Kölesd János', 'Létavértes'),
(34, 'Csípő Richárd', 'Nagymaros');

INSERT INTO `sales` (`id`, `date`, `price`, `customerId`, `vehicleId`) VALUES
(1, '2020-01-01', 1600000, 1, 42),
(2, '2020-01-02', 1870000, 2, 18),
(3, '2020-01-05', 1500000, 3, 25),
(4, '2020-01-06', 3000000, 4, 28),
(5, '2020-01-07', 650000, 5, 56),
(6, '2020-01-08', 810000, 6, 16),
(7, '2020-01-09', 1600000, 7, 55),
(8, '2020-01-10', 810000, 8, 3),
(9, '2020-01-12', 1870000, 9, 6),
(10, '2020-01-14', 1500000, 10, 40),
(11, '2020-01-19', 1840000, 11, 41),
(12, '2020-01-20', 670000, 12, 34),
(13, '2020-01-21', 860000, 13, 30),
(14, '2020-01-21', 670000, 14, 23),
(15, '2020-01-24', 1840000, 15, 54),
(16, '2020-01-24', 1840000, 16, 7),
(17, '2020-01-25', 2100000, 17, 1),
(18, '2020-01-26', 1870000, 18, 9),
(19, '2020-01-27', 970000, 19, 4),
(20, '2020-01-29', 3000000, 20, 21),
(21, '2020-01-30', 810000, 21, 51),
(22, '2020-02-03', 780000, 22, 2),
(23, '2020-02-04', 650000, 23, 53),
(24, '2020-02-06', 670000, 24, 48),
(25, '2020-02-11', 1810000, 25, 24),
(26, '2020-02-12', 780000, 26, 14),
(27, '2020-02-14', 1600000, 27, 22),
(28, '2020-02-15', 1200000, 28, 5),
(29, '2020-02-16', 1200000, 29, 47),
(30, '2020-02-20', 670000, 30, 10),
(31, '2020-02-21', 1300000, 31, 20),
(32, '2020-02-23', 1840000, 32, 12),
(33, '2020-02-25', 1910000, 33, 29),
(34, '2020-02-27', 970000, 34, 49);

INSERT INTO `vehicles` (`id`, `numberplate`, `color`, `brand`, `year`, `capacity`, `fuel`, `price`, `sold`) VALUES
(1, 'JII327', 'fekete', 'Suzuki', 2009, 1600, 'benzin', 2100000, 1),
(2, 'BDC800', 'kék', 'Opel', 1994, 1400, 'dízel', 780000, 1),
(3, 'CCB873', 'zöld', 'Peugeot', 1995, 1200, 'dízel', 810000, 1),
(4, 'DKC399', 'kék', 'Mazda', 1997, 1600, 'benzin', 970000, 1),
(5, 'DFB414', 'piros', 'Suzuki', 1998, 1200, 'dízel', 1200000, 1),
(6, 'IFF587', 'zöld', 'Suzuki', 2007, 1400, 'benzin', 1870000, 1),
(7, 'HBK420', 'piros', 'Peugeot', 2006, 1600, 'dízel', 1840000, 1),
(8, 'IBI821', 'zöld', 'Mazda', 2007, 1400, 'benzin', 1870000, 0),
(9, 'IKE996', 'fekete', 'Renault', 2007, 1400, 'benzin', 1870000, 1),
(10, 'ACB707', 'fehér', 'Suzuki', 1992, 1400, 'benzin', 670000, 1),
(11, 'CIH150', 'piros', 'Daewoo', 1995, 1400, 'benzin', 810000, 0),
(12, 'HHB273', 'fekete', 'Suzuki', 2006, 1600, 'benzin', 1840000, 1),
(13, 'IJD759', 'kék', 'Daewoo', 2007, 1600, 'benzin', 1870000, 0),
(14, 'BKE142', 'kék', 'Opel', 1994, 1600, 'benzin', 780000, 1),
(15, 'BKF453', 'zöld', 'Ford', 1994, 1200, 'benzin', 780000, 0),
(16, 'CKI797', 'fehér', 'Daewoo', 1995, 1400, 'benzin', 810000, 1),
(17, 'BGJ355', 'zöld', 'Mazda', 1993, 1600, 'benzin', 720000, 0),
(18, 'IKB332', 'piros', 'Skoda', 2007, 1400, 'dízel', 1870000, 1),
(19, 'FDJ871', 'piros', 'Suzuki', 2001, 1400, 'benzin', 1500000, 0),
(20, 'EDE622', 'kék', 'Opel', 1999, 1200, 'benzin', 1300000, 1),
(21, 'KHG682', 'kék', 'Skoda', 2012, 1400, 'benzin', 3000000, 1),
(22, 'FBK687', 'fehér', 'Suzuki', 2002, 1600, 'benzin', 1600000, 1),
(23, 'AHE092', 'kék', 'Toyota', 1992, 1400, 'benzin', 670000, 1),
(24, 'HGH779', 'fehér', 'Suzuki', 2005, 1400, 'benzin', 1810000, 1),
(25, 'FKH235', 'piros', 'Opel', 2001, 1600, 'benzin', 1500000, 1),
(26, 'EFC601', 'kék', 'Toyota', 2000, 1600, 'dízel', 1400000, 0),
(27, 'KIH010', 'kék', 'Ford', 2012, 1400, 'benzin', 3000000, 0),
(28, 'KCG550', 'fehér', 'Peugeot', 2012, 1200, 'benzin', 3000000, 1),
(29, 'IIB631', 'zöld', 'Suzuki', 2008, 1200, 'dízel', 1910000, 1),
(30, 'CKE747', 'zöld', 'Peugeot', 1996, 1400, 'benzin', 860000, 1),
(31, 'FKH019', 'fehér', 'Toyota', 2002, 1600, 'benzin', 1600000, 0),
(32, 'HKE198', 'zöld', 'Opel', 2005, 1200, 'benzin', 1810000, 0),
(33, 'IEH493', 'fehér', 'Mazda', 2007, 1400, 'benzin', 1870000, 0),
(34, 'AHG072', 'kék', 'Mazda', 1992, 1600, 'benzin', 670000, 1),
(35, 'GDG691', 'fekete', 'Opel', 2004, 1600, 'benzin', 1750000, 0),
(36, 'CEE990', 'kék', 'Daewoo', 1996, 1600, 'benzin', 860000, 0),
(37, 'DIF810', 'kék', 'Peugeot', 1997, 1200, 'benzin', 970000, 0),
(38, 'EHF922', 'fekete', 'Mazda', 2000, 1200, 'dízel', 1400000, 0),
(39, 'GHC256', 'piros', 'Suzuki', 2003, 1400, 'dízel', 1700000, 0),
(40, 'FIE791', 'fehér', 'Renault', 2001, 1200, 'benzin', 1500000, 1),
(41, 'HIJ826', 'fehér', 'Peugeot', 2006, 1600, 'dízel', 1840000, 1),
(42, 'FFB187', 'zöld', 'Suzuki', 2002, 1200, 'benzin', 1600000, 1),
(43, 'GHC860', 'fekete', 'Peugeot', 2003, 1600, 'benzin', 1700000, 0),
(44, 'KIJ696', 'piros', 'Daewoo', 2012, 1400, 'benzin', 3000000, 0),
(45, 'EIG992', 'fehér', 'Suzuki', 1999, 1200, 'benzin', 1300000, 0),
(46, 'DFK292', 'fekete', 'Renault', 1997, 1600, 'benzin', 970000, 0),
(47, 'DJB143', 'zöld', 'Mazda', 1998, 1400, 'benzin', 1200000, 1),
(48, 'AFH562', 'piros', 'Suzuki', 1992, 1400, 'benzin', 670000, 1),
(49, 'DHG177', 'piros', 'Peugeot', 1997, 1600, 'benzin', 970000, 1),
(50, 'BDG571', 'fekete', 'Suzuki', 1994, 1200, 'dízel', 780000, 0),
(51, 'CJC852', 'kék', 'Suzuki', 1995, 1200, 'benzin', 810000, 1),
(52, 'GED628', 'zöld', 'Daewoo', 2004, 1600, 'benzin', 1750000, 0),
(53, 'AGB076', 'piros', 'Toyota', 1991, 1600, 'benzin', 650000, 1),
(54, 'HJF462', 'fekete', 'Peugeot', 2006, 1200, 'benzin', 1840000, 1),
(55, 'FHE940', 'fekete', 'Opel', 2002, 1200, 'benzin', 1600000, 1),
(56, 'AIG002', 'piros', 'Ford', 1991, 1200, 'benzin', 650000, 1),
(57, 'JEB103', 'fekete', 'Renault', 2010, 1600, 'benzin', 2500000, 0);